{
  "name": "AM2315C",
  "keywords": "Temperature, Humidity, AM2315C, I2C",
  "description": "Arduino library for I2C AM2315C temperature and humidity sensor.",
  "authors":
  [
    {
      "name": "Rob Tillaart",
      "email": "Rob.Tillaart@gmail.com",
      "maintainer": true
    }
  ],
  "repository":
  {
    "type": "git",
    "url": "https://github.com/RobTillaart/AM2315C.git"
  },
  "version": "0.2.0",
  "license": "MIT",
  "frameworks": "*",
  "platforms": "*",
  "headers": "AM2315C.h"
}
